<?xml version="1.0" encoding="UTF-8"?>
<root>
  <item name="android.support.v7.widget.RecyclerView.ItemAnimator android.support.v7.widget.RecyclerView.ItemAnimator.ItemHolderInfo recordPreLayoutInformation(android.support.v7.widget.RecyclerView.State, android.support.v7.widget.RecyclerView.ViewHolder, int, java.util.List&lt;java.lang.Object&gt;) 2">
    <annotation name="android.support.annotation.IntDef">
      <val name="flag" val="true" />
      <val name="value" val="{android.support.v7.widget.RecyclerView.ItemAnimator.FLAG_CHANGED, android.support.v7.widget.RecyclerView.ItemAnimator.FLAG_REMOVED, android.support.v7.widget.RecyclerView.ItemAnimator.FLAG_MOVED, android.support.v7.widget.RecyclerView.ItemAnimator.FLAG_INVALIDATED, android.support.v7.widget.RecyclerView.ItemAnimator.FLAG_APPEARED_IN_PRE_LAYOUT}" />
    </annotation>
  </item>
  <item name="android.support.v7.widget.RecyclerView.ItemAnimator int buildAdapterChangeFlagsForAnimations(android.support.v7.widget.RecyclerView.ViewHolder)">
    <annotation name="android.support.annotation.IntDef">
      <val name="flag" val="true" />
      <val name="value" val="{android.support.v7.widget.RecyclerView.ItemAnimator.FLAG_CHANGED, android.support.v7.widget.RecyclerView.ItemAnimator.FLAG_REMOVED, android.support.v7.widget.RecyclerView.ItemAnimator.FLAG_MOVED, android.support.v7.widget.RecyclerView.ItemAnimator.FLAG_INVALIDATED, android.support.v7.widget.RecyclerView.ItemAnimator.FLAG_APPEARED_IN_PRE_LAYOUT}" />
    </annotation>
  </item>
  <item name="android.support.v7.widget.RecyclerView.ItemAnimator.ItemHolderInfo android.support.v7.widget.RecyclerView.ItemAnimator.ItemHolderInfo setFrom(android.support.v7.widget.RecyclerView.ViewHolder, int) 1">
    <annotation name="android.support.annotation.IntDef">
      <val name="flag" val="true" />
      <val name="value" val="{android.support.v7.widget.RecyclerView.ItemAnimator.FLAG_CHANGED, android.support.v7.widget.RecyclerView.ItemAnimator.FLAG_REMOVED, android.support.v7.widget.RecyclerView.ItemAnimator.FLAG_MOVED, android.support.v7.widget.RecyclerView.ItemAnimator.FLAG_INVALIDATED, android.support.v7.widget.RecyclerView.ItemAnimator.FLAG_APPEARED_IN_PRE_LAYOUT}" />
    </annotation>
  </item>
  <item name="android.support.v7.widget.RecyclerView.ItemAnimator.ItemHolderInfo changeFlags">
    <annotation name="android.support.annotation.IntDef">
      <val name="flag" val="true" />
      <val name="value" val="{android.support.v7.widget.RecyclerView.ItemAnimator.FLAG_CHANGED, android.support.v7.widget.RecyclerView.ItemAnimator.FLAG_REMOVED, android.support.v7.widget.RecyclerView.ItemAnimator.FLAG_MOVED, android.support.v7.widget.RecyclerView.ItemAnimator.FLAG_INVALIDATED, android.support.v7.widget.RecyclerView.ItemAnimator.FLAG_APPEARED_IN_PRE_LAYOUT}" />
    </annotation>
  </item>
  <item name="android.support.v7.widget.ViewInfoStore mLayoutHolderMap">
    <annotation name="android.support.annotation.VisibleForTesting" />
  </item>
  <item name="android.support.v7.widget.ViewInfoStore mOldChangedHolders">
    <annotation name="android.support.annotation.VisibleForTesting" />
  </item>
</root>

